-- phpMyAdmin SQL Dump
-- version 3.5.1
-- http://www.phpmyadmin.net
--
-- Хост: 127.0.0.1
-- Время создания: Июн 10 2020 г., 20:53
-- Версия сервера: 5.5.25
-- Версия PHP: 5.3.13

SET SQL_MODE="NO_AUTO_VALUE_ON_ZERO";
SET time_zone = "+00:00";


/*!40101 SET @OLD_CHARACTER_SET_CLIENT=@@CHARACTER_SET_CLIENT */;
/*!40101 SET @OLD_CHARACTER_SET_RESULTS=@@CHARACTER_SET_RESULTS */;
/*!40101 SET @OLD_COLLATION_CONNECTION=@@COLLATION_CONNECTION */;
/*!40101 SET NAMES utf8 */;

--
-- База данных: `book_go`
--

-- --------------------------------------------------------

--
-- Структура таблицы `book`
--

CREATE TABLE IF NOT EXISTS `book` (
  `book_id` int(11) unsigned NOT NULL AUTO_INCREMENT,
  `user_id` int(11) unsigned NOT NULL,
  `kategory_id` int(11) unsigned NOT NULL,
  `header` varchar(200) NOT NULL,
  `text` longtext NOT NULL,
  `date` datetime NOT NULL DEFAULT '0000-00-00 00:00:00',
  `status` enum('1','0') NOT NULL,
  PRIMARY KEY (`book_id`),
  KEY `user_id` (`user_id`),
  KEY `kategory_id` (`kategory_id`)
) ENGINE=InnoDB  DEFAULT CHARSET=utf8 AUTO_INCREMENT=14 ;

--
-- СВЯЗИ ТАБЛИЦЫ `book`:
--   `user_id`
--       `users` -> `user_id`
--   `kategory_id`
--       `kategory` -> `kategory_id`
--

--
-- Дамп данных таблицы `book`
--

INSERT INTO `book` (`book_id`, `user_id`, `kategory_id`, `header`, `text`, `date`, `status`) VALUES
(3, 1, 1, 'Нормальные люди', 'Коннелл Уолдрон и Марианна Шеридан учатся в одной школе и даже в одном классе, но почти не общаются — трудно представить себе двух более разных людей. В школе Коннелл душа любой компании, один из самых популярных парней, звезда футбольной команды, а Марианна — замкнутая одиночка, поддерживающая отношения по большей части с книгами. В реальной жизни иначе: она из очень состоятельной семьи, а он из бедной, его мать уборщица в особняке Шериданов... Но однажды они все же поговорят — на кухне у Марианны, когда Коннелл заедет за мамой. И этот недолгий, неловкий, но наэлектризованный разговор изменит их жизнь.\r\n«Нормальные люди» — история о том, как один человек может изменить жизнь другого. И о том, как нам трудно говорить о своих чувствах. О желании ощутить власть над другим человеком и одновременно всецело принадлежать ему. Это история о любви.', '2020-05-20 10:32:54', '0'),
(4, 1, 1, 'Госпожа Ким Чжи Ен, рожденная в 1982 году', 'Ким Чжи Ен – одно из самых распространенных корейских имен для целого поколения. Таким образом, героиня этого романа – фактически любая современная южнокорейская женщина, чья мать после ее рождения была вынуждена извиняться перед родителями мужа за то, что ее ребенок – девочка.\r\nВ этом романе Ким Чжи Ен проходит путь от детства до материнства и рассказывают свою историю мужчине-психиатру, типичному гражданину своей страны.\r\nКим Чжи Ен сталкивается с глубоко укоренившейся гендерной дискриминацией на каждом этапе своей жизни, и это глубоко поражает, поскольку у международного сообщества Южная Корея уже много лет ассоциируется с высокоразвитой, прогрессивной культурой.', '2020-05-20 21:33:21', '1'),
(5, 1, 3, 'Лягушки', 'История Вань Синь - рассказ о том, что бывает, когда идешь на компромисс с совестью. Переступаешь через себя ради долга. Китай. Вторая половина XX века. Наша героиня - одна из первых настоящих акушерок, благодаря ей на свет появились сотни младенцев. Но вот наступила новая эра - государство ввело политику "одна семья - один ребенок". Страну обуял хаос. Призванная дарить жизнь, Вань Синь помешала появлению на свет множества детей и сломала множество судеб. Да, она выполняла чужую волю и действовала во имя общего блага. Но как ей жить дальше с этим грузом?', '2020-05-20 21:34:31', '1'),
(6, 1, 3, 'Дом кривых стен', 'Япония, Рождество 1983 года. Богатый промышленник Кодзабуро Хамамото собрал в своем особняке друзей и знакомых. Гости поражены его домом - причудливой конструкцией с множеством комнат, наклонными полами и непонятно куда ведущими лестницами, с "падающей" высокой башней, напоминающей Пизанскую. Все они восторгаются фантазией хозяина и готовятся весело встретить Рождество.\r\nНо их ожиданиям не суждено сбыться. Потому что в сочельник в доме происходит убийство. От удара ножом погибает шофер одного из приглашенных. Срочно вызванные полицейские в полном замешательстве. Ведь убийство невозможно было совершить - все обстоятельства и условия против этого. Да и мотива ни у кого нет…\r\nПока инспектор с помощниками ломают голову, а гости пребывают в прострации, в доме происходит второе убийство, еще более невероятное. Связавшись с начальством, ошеломленные полицейские узнают, что к ним едет человек, способный найти преступника. Что это - астролог и гадатель из Токио Киёси Митараи. И что лишь он один способен разобраться в этой умопомрачительной головоломке…\r\nУ вас будут все необходимые ключи. Но сможете ли вы найти отгадку прежде, чем это сделают сыщики?', '2020-05-20 21:35:28', '1'),
(7, 1, 4, 'Самая страшная книга. Пиковая дама', '«Пиковая Дама, приди!»\r\nСлова, которые, как гласит старинное поверье, надо произнести несколько раз, стоя перед зеркалом, чтобы призвать таинственный призрак. Мистический обряд, который многие воспринимают как шутку, веселое и немножечко жуткое развлечение. Но с зеркалами не шутят, ведь Зазеркалье — это мир мертвых. И горе тем, кто играет с духами умерших.\r\nДва романа под одной обложкой. Две книги в одной — две новинки от Максима Кабира, лауреата премий «Рукопись года» и «Мастера ужаса», автора книг «Скелеты» и «Призраки». Две истории о том, как обычные подростки попытались вызвать Пиковую Даму — и к каким ужасным последствиям это привело. История самой Дамы — мстительного призрака, который не остановится, пока не заберет души тех, кто его позвал.\r\nЧитайте на свой страх и риск. И — не смотрите в зеркала…', '2020-05-20 21:59:23', '1'),
(12, 11, 2, 'Ведьмак', 'Одна из лучших фэнтези-саг за всю историю существования жанра. Оригинальное, масштабное эпическое произведение, одновременно и свободное от влияния извне, и связанное с классической мифологической, легендарной и сказовой традицией. Шедевр не только писательского мастерства Анджея Сапковского, но и переводческого искусства Евгения Павловича Вайсброта. "Сага о Геральте" - в одном томе. Бесценный подарок и для поклонника прекрасной фантастики, и для ценителя просто хорошей литературы. Перед читателем буквально оживает необычный, прекрасный и жестокий мир литературной легенды, в котором обитают эльфы и гномы, оборотни, вампиры и "низушки"-хоббиты, драконы и монстры, - но прежде всего ЛЮДИ.\r\nОчень близкие нам, понятные и человечные люди - такие как мастер меча ведьмак Геральт, его друг, беспутный менестрель Лютик, его возлюбленная, прекрасная чародейка Йеннифэр, и приемная дочь - безрассудно отважная юная Цири…', '2020-06-04 22:17:54', '1'),
(13, 13, 2, 'Лисья нора', 'Сенсационная трилогия писательницы Норы Сакавич «Все ради игры» была впервые опубликована в интернете и молниеносно покорила читателей во всем мире. «Лисья нора» повествует о команде «Лисов» — игроков экси (вымышленный спорт), которые, будучи отбросами в жизни, пытаются подняться со дна турнирной таблицы и выиграть чемпионат страны. Главный герой, Нил Джостен, скрывается от своего темного прошлого, однако, став частью команды, вынужден сражаться не только с соперниками, но и с новоиспеченными товарищами, каждый из которых хранит свои секреты.', '2020-06-04 22:25:30', '1');

-- --------------------------------------------------------

--
-- Структура таблицы `comment`
--

CREATE TABLE IF NOT EXISTS `comment` (
  `comment_id` int(10) unsigned NOT NULL AUTO_INCREMENT,
  `book_id` int(11) unsigned NOT NULL,
  `user_id` int(11) unsigned NOT NULL,
  `text` text NOT NULL,
  `date` datetime NOT NULL DEFAULT '0000-00-00 00:00:00',
  PRIMARY KEY (`comment_id`),
  KEY `users_id` (`user_id`),
  KEY `book_id` (`book_id`)
) ENGINE=InnoDB  DEFAULT CHARSET=utf8 AUTO_INCREMENT=8 ;

--
-- СВЯЗИ ТАБЛИЦЫ `comment`:
--   `book_id`
--       `book` -> `book_id`
--   `user_id`
--       `users` -> `user_id`
--

--
-- Дамп данных таблицы `comment`
--

INSERT INTO `comment` (`comment_id`, `book_id`, `user_id`, `text`, `date`) VALUES
(1, 4, 1, 'Проверка работы комментов', '2020-05-10 22:30:00'),
(2, 7, 5, 'Проверка работы комментов', '2020-05-21 22:30:00'),
(3, 6, 1, 'Проверка работы комментов', '2020-05-21 20:38:00'),
(4, 7, 2, 'Проверка работы комментов', '2020-05-21 20:38:13'),
(5, 6, 3, 'Проверка работы комментов', '2020-05-21 20:38:25'),
(6, 12, 11, 'Блин, не хватает денег на игру. Попробую хотя бы так погрузиться в этот мир', '2020-06-08 16:02:55'),
(7, 3, 1, 'Нормальные люди нормально делают', '2020-06-08 21:11:07');

-- --------------------------------------------------------

--
-- Структура таблицы `kategory`
--

CREATE TABLE IF NOT EXISTS `kategory` (
  `kategory_id` int(10) unsigned NOT NULL AUTO_INCREMENT,
  `name` text NOT NULL,
  PRIMARY KEY (`kategory_id`)
) ENGINE=InnoDB  DEFAULT CHARSET=utf8 AUTO_INCREMENT=5 ;

--
-- Дамп данных таблицы `kategory`
--

INSERT INTO `kategory` (`kategory_id`, `name`) VALUES
(1, 'Классика'),
(2, 'Детектив'),
(3, 'Роман'),
(4, 'Фэнтези');

-- --------------------------------------------------------

--
-- Структура таблицы `picture`
--

CREATE TABLE IF NOT EXISTS `picture` (
  `picture_id` int(10) unsigned NOT NULL AUTO_INCREMENT,
  `book_id` int(11) unsigned NOT NULL,
  `img` varchar(250) NOT NULL,
  PRIMARY KEY (`picture_id`),
  KEY `book_id` (`book_id`)
) ENGINE=InnoDB  DEFAULT CHARSET=utf8 AUTO_INCREMENT=13 ;

--
-- СВЯЗИ ТАБЛИЦЫ `picture`:
--   `book_id`
--       `book` -> `book_id`
--

--
-- Дамп данных таблицы `picture`
--

INSERT INTO `picture` (`picture_id`, `book_id`, `img`) VALUES
(3, 3, 'img/3232ludi.jpg'),
(4, 4, 'img/7388gospozh.jpg'),
(5, 5, 'img/418lyg.jpg'),
(6, 6, 'img/19262749213_detail.jpg'),
(7, 7, 'img/30232789124_detail.jpg'),
(11, 12, 'img/2112witcher.jpg'),
(12, 13, 'img/4942781043_detail.jpg');

-- --------------------------------------------------------

--
-- Структура таблицы `users`
--

CREATE TABLE IF NOT EXISTS `users` (
  `user_id` int(10) unsigned NOT NULL AUTO_INCREMENT,
  `login` varchar(200) NOT NULL,
  `password` varchar(255) NOT NULL,
  `phone` varchar(20) NOT NULL,
  `email` varchar(200) NOT NULL,
  PRIMARY KEY (`user_id`)
) ENGINE=InnoDB  DEFAULT CHARSET=utf8 AUTO_INCREMENT=15 ;

--
-- Дамп данных таблицы `users`
--

INSERT INTO `users` (`user_id`, `login`, `password`, `phone`, `email`) VALUES
(1, 'adminushka', '202cb962ac59075b964b07152d234b70', '89991233211', 'god@yandex.ru'),
(2, 'keker', '202cb962ac59075b964b07152d234b70', '89991112312', 'ker@bog.kek'),
(3, 'loler', '829614dfdc8bea086662400b2d3ef452', '8929321222', 'lol@kek.lol'),
(4, 'proverka', '54b3f4bd6d43cc7216b7ff064af97926', '8999912332', 'proverochniy@prov.su'),
(5, 'kirka', '202cb962ac59075b964b07152d234b70', '89999123212', 'kirka@yandex.ru'),
(11, 'TEST', '202cb962ac59075b964b07152d234b70', '89998887766', 'test@test.test'),
(13, 'Mr.Proverka', 'caf1a3dfb505ffed0d024130f58c5cfa', '81112223344', 'mr.proverka@test.ru'),
(14, 'kitekat', 'b706835de79a2b4e80506f582af3676a', '89200347583', 'hyh@yf.fuu');

--
-- Ограничения внешнего ключа сохраненных таблиц
--

--
-- Ограничения внешнего ключа таблицы `book`
--
ALTER TABLE `book`
  ADD CONSTRAINT `book_ibfk_1` FOREIGN KEY (`user_id`) REFERENCES `users` (`user_id`) ON DELETE NO ACTION ON UPDATE NO ACTION,
  ADD CONSTRAINT `book_ibfk_2` FOREIGN KEY (`kategory_id`) REFERENCES `kategory` (`kategory_id`) ON DELETE NO ACTION ON UPDATE NO ACTION;

--
-- Ограничения внешнего ключа таблицы `comment`
--
ALTER TABLE `comment`
  ADD CONSTRAINT `comment_ibfk_2` FOREIGN KEY (`book_id`) REFERENCES `book` (`book_id`) ON DELETE NO ACTION ON UPDATE NO ACTION,
  ADD CONSTRAINT `comment_ibfk_1` FOREIGN KEY (`user_id`) REFERENCES `users` (`user_id`) ON DELETE NO ACTION ON UPDATE NO ACTION;

--
-- Ограничения внешнего ключа таблицы `picture`
--
ALTER TABLE `picture`
  ADD CONSTRAINT `picture_ibfk_1` FOREIGN KEY (`book_id`) REFERENCES `book` (`book_id`) ON DELETE NO ACTION ON UPDATE NO ACTION;

/*!40101 SET CHARACTER_SET_CLIENT=@OLD_CHARACTER_SET_CLIENT */;
/*!40101 SET CHARACTER_SET_RESULTS=@OLD_CHARACTER_SET_RESULTS */;
/*!40101 SET COLLATION_CONNECTION=@OLD_COLLATION_CONNECTION */;
